{
  "@number_of_data": 1,
  "@columns": [
    6,
    4
  ],
  "@biases": [
    "[2.1678265298399664, 2.1678265298399664, 2.1678265298399664, 0.0]",
    "[5.67691205562817, 6.061895270781173, 5.970716711675914, 0.45092786655630906, 2.1678265298399664, -4.173522950602749]"
  ],
  "@weights": [
    "[2.1678265298399664, 1.6195352641390435, 1.8895502616491604, -2.5383875063620858, -3.7783035021337503, -2.8325135380550397, 2.297561800807994, 1.793204945247392, 1.9711285247257873, -2.5125187416489023, -3.7225054672322706, -2.7991234592848113, 2.288625019048041, 1.7848068839739162, 1.8972848086539573, -2.524748173229554, -3.799740286788853, -2.7494099200699584, 0.42794249121920835, 0.018738331950278152, 0.004247043386822594, -2.257211817069238, -3.3651011586979767, -2.5213763202776542]"
  ]
}
