{
  "@number_of_data": 3,
  "@columns": [
    6,
    4
  ],
  "@biases": [
    "[-255.08856241015152, -255.08856241015152, -255.08856241015152, -255.08856241015152]",
    "[59611.0986698005, 59074.80447801413, 399.7337890698273, 59078.94588545414, 2.3704355e-316, 4.2223087e-316]"
  ],
  "@weights": [
    "[-255.08856241015152, -16011.551507752543, 59611.0986698005, 49655.10773022864, 16961.854545689337, 2211.6327505378836, -17160.640648384684, -164.98842915043207, 59074.80447801413, 50367.46913940982, 16518.168040139502, 1895.6716084022862, -82723.67993189064, -82111.75221152807, 399.7337890698273, -91067.80258430337, -17141.5046548463, -33985.42094977578, 57466.779824368576, 59327.84587941096, 59078.94588545414, 120.89472977177958, -16897.832397389557, -15586.831264264041]"
  ]
}
