{
  "@number_of_data": 1,
  "@columns": [
    3,
    4
  ],
  "@biases": [
    "[0.0, 0.05, 0.0, 0.05]",
    "[-1.2967432774489005, -1.2159667058275037, -1.4777637915568642]"
  ],
  "@weights": [
    "[-0.7166406451050827, -0.4893630744444655, -0.48010263234381756, -0.7108391865160173, -0.522647434359695, -0.5051275193114864, -0.9545107166384723, -0.5360361680458389, -0.5232530749183919, -0.9743044804488069, -0.4821732137599326, -0.41877020717098157]"
  ]
}
