{
  "@number_of_data": 1,
  "@columns": [
    3,
    4
  ],
  "@biases": [
    "[-0.031929309762999424, 0.0, -0.775093028452076, 0.05]",
    "[-1.8019227489134657, -1.8386141401871985, -2.1511438372291547]"
  ],
  "@weights": [
    "[-0.7889516479780748, -0.48084479293016574, -0.46405561776822435, -0.8858391865160175, -0.522647434359695, -0.4749643080662074, -1.1656008258709114, -0.5226163589304093, -0.5199559194939456, -1.0853945896812458, -0.46875340464450305, -0.3886069959257026]"
  ]
}
