{
  "@number_of_data": 1,
  "@columns": [
    6,
    4
  ],
  "@biases": [
    "[253.2914400005539, 253.2914400005539, 253.2914400005539, 0.0]",
    "[849.7629105634097, 913.7445034853906, 811.2167911470364, -781.0317701189308, 2.5317531799201437e+34, 2.5317531799201437e+34]"
  ],
  "@weights": [
    "[253.2914400005539, 275.7455029532999, 320.72596760955594, -691.0833040024309, -99472.67441395366, -75442.47157976277, 275.00334905042394, 296.99230910162873, 341.748845333338, -656.2514474555034, -99437.12927696602, -75455.92611370918, 246.90214653684322, 260.0580378768318, 304.2566067333613, -707.8815588149309, -99484.92896389404, -75438.80887279726, -291.2495131800178, -268.55360077375656, -221.2286561651565, -600.6817565738463, -50040.08529345189, -38248.087587339265]"
  ]
}
